Article,Fit,Material,Rise,Embellishment,Length,Sleeve,Neckline,Pockets,Color,Search
top,loose,cotton,,,full,long sleeve,button down,,white,trendy outfits for women
pants,loose,,high,trousers,,,,no,dark grey,trendy outfits for women
top,tight,,,tube top,crop,sleeveless,straight,,white,trendy outfits for women
pants,lose,,mid,cargo,,,,yes,cream,trendy outfits for women
top,loose,,,knit sweater,full,long sleeve,scoop,,tan,trendy outfits for women
top,loose,,,open knit,crop,long sleeve,crew,,white,trendy outfits 
pants,loose,,low,parachute/cargo,,,,yes,cream,trendy outfits
top,tight,,,,crop,sleeveless,crew,,white,summer outfits
one-piece,loose,denim,high,overalls,,,,yes,blue,summer outfits
top,tight,,,,crop,sleeveless,scroop,,cream,trendy summer outfits
short,tight,,high,,,,,no,white,trendy summer outfits
top,looose,cotton,,,full,long sleeve,button down,,white,trendy summer outfits
dress,tight,,,,mini,sleveless,scoop,,black,trendy outfits
top,loose,cotton,,,full,long sleeve,button down,,white,trendy outfits
top,tight,,,lace corset,full,sleeveless,sweetheart,,black,trendy outfits
pants,loose,,low,cargo,,,,yes,dark grey,trendy outfits
top,tight,,,,crop,sleeveless,high-neck,,white,trendy outfits
pants,loose,,high,trousers,,,,no,tan,trendy outfits
top,loose,satin,,,full,sleeveless,cowl,,white,outfits
pants,loose,,high,trousers,,,,no,tan,outfits
top,loose,,,button down,full,long sleeve,button down,,white,trending outfits
top,tight,,,tube top,crop,sleeveless,straight,,white,trending outfits
pants,loose,,high,trousers,,,,no,olive,trending outfits
top,tight,,,bodysuit,full,long sleeve,square,,white,trending outfits
pants,loose,denim,high,split hem,,,,yes,blue,trending outfits
top,loose,,,vertical stripes,full,long sleeve,button down,,white/blue,trending outfits 2023
top,tight,,,tube top,crop,sleeveless,straight,,white,trending outfits 2023
skirt,tight,,high,split hem,,,,no,white,trending outfits 2023
top,tight,,,bodysuit,full,sleeveless,v neck,,white,trending outfits 2023
pants,loose,,high,trousers,,,,yes,grey,trending outfits 2023
dress,tight,,,,mini,sleeveless,straight,,cream,spring outfits
top,loose,,,,full,long sleeve,button down,,white,spring outfits
top,fitted,,,baby tee,crop,short sleeve,,,white,spring outfits
dress,loose,,high,,midi,,floral,no,pink,spring outfits
pants,loose,denim,high,,,,,yes,blue,trendy spring outfits
pants,loose,denim,high,,,,,yes,blue,trendy spring outfits
pants,tight,denim,high,,,,,yes,blue,trendy spring outfits
pants,loose,denim,high,,,,,yes,brown,trendy spring outfits
pants,loose,denim,high,,,,,yes,blue,trendy spring outfits
pants,loose,,high,trousers,,,,no,green,trendy spring outfits
pants,loose,,high,trousers,,,,no,green,trendy spring outfits
pants,loose,denim,high,,,,,yes,blue,trendy spring outfits
pants,loose,,high,trousers,,,,no,pink,trendy spring outfits
pants,loose,denim,high,,,,,yes,blue,trendy spring outfits
shorts,loose,denim,high,,,,,yes,blue,trendy spring outfits
shorts,loose,denim,high,,,,,yes,blue,trendy spring outfits
pants,loose,,high,trousers,,,,no,tan,trendy spring outfits
pants,loose,,high,trousers,,,,yes,cream,trendy spring outfits
pants,loose,,high,trousers,,,,yes,grey,trendy spring outfits
shorts,loose,denim,high,,,,,yes,blue,trendy spring outfits
pants,loose,denim,high,,,,,yes,blue,trendy spring outfits
pants,loose,denim,high,,,,,yes,cream,trendy spring outfits
pants,loose,,high,trousers,,,,no,cream,trendy spring outfits